{
    "kind": "List",
    "apiVersion": "v1",
    "metadata": {
        "name": "jboss-fuse-image-streams",
        "annotations": {
            "description": "ImageStream definitions for Red Hat Fuse."
        }
    },
    "items": [
        {
            "kind": "ImageStream",
            "apiVersion": "v1",
            "metadata": {
                "name": "fis-java-openshift",
                "annotations": {
                    "openshift.io/display-name": "Red Hat Fuse 6.3 Java",
                    "openshift.io/provider-display-name": "Red Hat, Inc."
                }
            },
            "spec": {
                "tags": [
                    {
                        "name": "1.0",
                        "annotations": {
                            "description": "Red Hat Fuse 6.2.1 Java S2I images.",
                            "openshift.io/display-name": "Red Hat Fuse 6.2.1 Java",
                            "iconClass": "icon-rh-integration",
                            "tags": "builder,jboss-fuse,java,xpaas,hidden",
                            "supports": "jboss-fuse:6.2.1,java:8,xpaas:1.2",
                            "version": "1.0"
                        },
                        "referencePolicy": {
                            "type": "Local"
                        },
                        "from": {
                            "kind": "DockerImage",
                            "name": "registry.redhat.io/jboss-fuse-6/fis-java-openshift:1.0"
                        }
                    },
                    {
                        "name": "2.0",
                        "annotations": {
                            "description": "Red Hat Fuse 6.3 Java S2I images.",
                            "openshift.io/display-name": "Red Hat Fuse 6.3 Java",
                            "iconClass": "icon-rh-integration",
                            "tags": "builder,jboss-fuse,java,xpaas,hidden",
                            "supports": "jboss-fuse:6.3.0,java:8,xpaas:1.2",
                            "version": "2.0"
                        },
                        "referencePolicy": {
                            "type": "Local"
                        },
                        "from": {
                            "kind": "DockerImage",
                            "name": "registry.redhat.io/jboss-fuse-6/fis-java-openshift:2.0"
                        }
                    }
                ]
            }
        },
        {
            "kind": "ImageStream",
            "apiVersion": "v1",
            "metadata": {
                "name": "jboss-fuse70-java-openshift",
                "annotations": {
                    "openshift.io/display-name": "Red Hat Fuse 7.0 Java",
                    "openshift.io/provider-display-name": "Red Hat, Inc."
                }
            },
            "spec": {
                "tags": [
                    {
                        "name": "1.0",
                        "annotations": {
                            "description": "Red Hat Fuse 7.0 Java S2I images.",
                            "openshift.io/display-name": "Red Hat Fuse 7.0 Java",
                            "iconClass": "icon-rh-integration",
                            "tags": "builder,jboss-fuse,java,xpaas,hidden",
                            "supports": "jboss-fuse:7.0.0,java:8,xpaas:1.2",
                            "version": "1.0"
                        },
                        "referencePolicy": {
                            "type": "Local"
                        },
                        "from": {
                            "kind": "DockerImage",
                            "name": "registry.redhat.io/fuse7/fuse-java-openshift:1.0"
                        }
                    }
                ]
            }
        },
        {
            "kind": "ImageStream",
            "apiVersion": "v1",
            "metadata": {
                "name": "fis-karaf-openshift",
                "annotations": {
                    "openshift.io/display-name": "Red Hat Fuse 6.3 Karaf",
                    "openshift.io/provider-display-name": "Red Hat, Inc."
                }
            },
            "spec": {
                "tags": [
                    {
                        "name": "1.0",
                        "annotations": {
                            "description": "Red Hat Fuse 6.2.1 Karaf S2I image.",
                            "openshift.io/display-name": "Red Hat Fuse 6.2.1 Karaf",
                            "iconClass": "icon-rh-integration",
                            "tags": "builder,jboss-fuse,java,karaf,xpaas,hidden",
                            "supports": "jboss-fuse:6.2.1,java:8,xpaas:1.2",
                            "version": "1.0"
                        },
                        "referencePolicy": {
                            "type": "Local"
                        },
                        "from": {
                            "kind": "DockerImage",
                            "name": "registry.redhat.io/jboss-fuse-6/fis-karaf-openshift:1.0"
                        }
                    },
                    {
                        "name": "2.0",
                        "annotations": {
                            "description": "Red Hat Fuse 6.3 Karaf S2I images.",
                            "openshift.io/display-name": "Red Hat Fuse 6.3 Karaf",
                            "iconClass": "icon-rh-integration",
                            "tags": "builder,jboss-fuse,java,karaf,xpaas,hidden",
                            "supports": "jboss-fuse:6.3.0,java:8,xpaas:1.2",
                            "version": "2.0"
                        },
                        "referencePolicy": {
                            "type": "Local"
                        },
                        "from": {
                            "kind": "DockerImage",
                            "name": "registry.redhat.io/jboss-fuse-6/fis-karaf-openshift:2.0"
                        }
                    }
                ]
            }
        },
        {
            "kind": "ImageStream",
            "apiVersion": "v1",
            "metadata": {
                "name": "jboss-fuse70-karaf-openshift",
                "annotations": {
                    "openshift.io/display-name": "Red Hat Fuse 7.0 Karaf",
                    "openshift.io/provider-display-name": "Red Hat, Inc."
                }
            },
            "spec": {
                "tags": [
                    {
                        "name": "1.0",
                        "annotations": {
                            "description": "Red Hat Fuse 7.0 Karaf S2I images.",
                            "openshift.io/display-name": "Red Hat Fuse 7.0 Karaf",
                            "iconClass": "icon-rh-integration",
                            "tags": "builder,jboss-fuse,java,karaf,xpaas,hidden",
                            "supports": "jboss-fuse:7.0.0,java:8,xpaas:1.2",
                            "version": "1.0"
                        },
                        "referencePolicy": {
                            "type": "Local"
                        },
                        "from": {
                            "kind": "DockerImage",
                            "name": "registry.redhat.io/fuse7/fuse-karaf-openshift:1.0"
                        }
                    }
                ]
            }
        },
        {
            "kind": "ImageStream",
            "apiVersion": "v1",
            "metadata": {
                "name": "jboss-fuse70-eap-openshift",
                "annotations": {
                    "openshift.io/display-name": "Red Hat Fuse 7.0 EAP",
                    "openshift.io/provider-display-name": "Red Hat, Inc."
                }
            },
            "spec": {
                "tags": [
                    {
                        "name": "1.0",
                        "annotations": {
                            "description": "Red Hat Fuse 7.0 EAP S2I images.",
                            "openshift.io/display-name": "Red Hat Fuse 7.0 EAP",
                            "iconClass": "icon-rh-integration",
                            "tags": "builder,jboss-fuse,java,eap,xpaas,hidden",
                            "supports": "jboss-fuse:7.0.0,java:8,xpaas:1.2",
                            "version": "1.0"
                        },
                        "referencePolicy": {
                            "type": "Local"
                        },
                        "from": {
                            "kind": "DockerImage",
                            "name": "registry.redhat.io/fuse7/fuse-eap-openshift:1.0"
                        }
                    }
                ]
            }
        },
        {
            "kind": "ImageStream",
            "apiVersion": "v1",
            "metadata": {
                "name": "jboss-fuse70-console",
                "annotations": {
                    "openshift.io/display-name": "Red Hat Fuse 7.0 Console",
                    "openshift.io/provider-display-name": "Red Hat, Inc."
                }
            },
            "spec": {
                "tags": [
                    {
                        "name": "1.0",
                        "annotations": {
                            "description": "Red Hat Fuse 7.0 Console image.",
                            "openshift.io/display-name": "Red Hat Fuse 7.0 Console",
                            "iconClass": "icon-rh-integration",
                            "tags": "jboss-fuse,hawtio,java,xpaas,hidden",
                            "supports": "jboss-fuse:7.0.0,java:8,xpaas:1.2",
                            "version": "1.0"
                        },
                        "referencePolicy": {
                            "type": "Local"
                        },
                        "from": {
                            "kind": "DockerImage",
                            "name": "registry.redhat.io/fuse7/fuse-console:1.0"
                        }
                    }
                ]
            }
        },
        {
            "kind": "ImageStream",
            "apiVersion": "v1",
            "metadata": {
                "name": "fuse7-java-openshift",
                "annotations": {
                    "openshift.io/display-name": "Red Hat Fuse 7 Java",
                    "openshift.io/provider-display-name": "Red Hat, Inc."
                }
            },
            "spec": {
                "tags": [
                    {
                        "name": "1.0",
                        "annotations": {
                            "description": "Red Hat Fuse 7.0 Java S2I images.",
                            "openshift.io/display-name": "Red Hat Fuse 7.0 Java",
                            "iconClass": "icon-rh-integration",
                            "tags": "builder,jboss-fuse,java,xpaas,hidden",
                            "supports":"jboss-fuse:7.0.0,java:8,xpaas:1.2",
                            "version": "1.0"
                        },
                        "referencePolicy": {
                            "type": "Local"
                        },
                        "from": {
                            "kind": "DockerImage",
                            "name": "registry.redhat.io/fuse7/fuse-java-openshift:1.0"
                        }
                    },
                    {
                        "name": "1.1",
                        "annotations": {
                            "description": "Red Hat Fuse 7.1 Java S2I images.",
                            "openshift.io/display-name": "Red Hat Fuse 7.1 Java",
                            "iconClass": "icon-rh-integration",
                            "tags": "builder,jboss-fuse,java,xpaas,hidden",
                            "supports":"jboss-fuse:7.1.0,java:8,xpaas:1.2",
                            "version": "1.1"
                        },
                        "referencePolicy": {
                            "type": "Local"
                        },
                        "from": {
                            "kind": "DockerImage",
                            "name": "registry.redhat.io/fuse7/fuse-java-openshift:1.1"
                        }
                    },
                    {
                        "name": "1.2",
                        "annotations": {
                            "description": "Red Hat Fuse 7.2 Java S2I images.",
                            "openshift.io/display-name": "Red Hat Fuse 7.2 Java",
                            "iconClass": "icon-rh-integration",
                            "tags": "builder,jboss-fuse,java,xpaas,hidden",
                            "supports":"jboss-fuse:7.2.0,java:8,xpaas:1.2",
                            "version": "1.2"
                        },
                        "referencePolicy": {
                            "type": "Local"
                        },
                        "from": {
                            "kind": "DockerImage",
                            "name": "registry.redhat.io/fuse7/fuse-java-openshift:1.2"
                        }
                    },
                    {
                        "name": "1.3",
                        "annotations": {
                            "description": "Red Hat Fuse 7.3 Java S2I images.",
                            "openshift.io/display-name": "Red Hat Fuse 7.3 Java",
                            "iconClass": "icon-rh-integration",
                            "tags": "builder,jboss-fuse,java,xpaas,hidden",
                            "supports":"jboss-fuse:7.3.0,java:8,xpaas:1.2",
                            "version": "1.3"
                        },
                        "referencePolicy": {
                            "type": "Local"
                        },
                        "from": {
                            "kind": "DockerImage",
                            "name": "registry.redhat.io/fuse7/fuse-java-openshift:1.3"
                        }
                    },
                    {
                        "name": "1.4",
                        "annotations": {
                            "description": "Red Hat Fuse 7.4 Java S2I images.",
                            "openshift.io/display-name": "Red Hat Fuse 7.4 Java",
                            "iconClass": "icon-rh-integration",
                            "tags": "builder,jboss-fuse,java,xpaas,hidden",
                            "supports":"jboss-fuse:7.4.0,java:8,xpaas:1.2",
                            "version": "1.4"
                        },
                        "referencePolicy": {
                            "type": "Local"
                        },
                        "from": {
                            "kind": "DockerImage",
                            "name": "registry.redhat.io/fuse7/fuse-java-openshift:1.4"
                        }
                    }                    
                ]
            }
        },
        {
            "kind": "ImageStream",
            "apiVersion": "v1",
            "metadata": {
                "name": "fuse7-karaf-openshift",
                "annotations": {
                    "openshift.io/display-name": "Red Hat Fuse 7 Karaf",
                    "openshift.io/provider-display-name": "Red Hat, Inc."
                }
            },
            "spec": {
                "tags": [
                    {
                        "name": "1.0",
                        "annotations": {
                            "description": "Red Hat Fuse 7.0 Karaf S2I images.",
                            "openshift.io/display-name": "Red Hat Fuse 7.0 Karaf",
                            "iconClass": "icon-rh-integration",
                            "tags": "builder,jboss-fuse,java,karaf,xpaas,hidden",
                            "supports":"jboss-fuse:7.0.0,java:8,xpaas:1.2",
                            "version": "1.0"
                        },
                        "referencePolicy": {
                            "type": "Local"
                        },
                        "from": {
                            "kind": "DockerImage",
                            "name": "registry.redhat.io/fuse7/fuse-karaf-openshift:1.0"
                        }
                    },
                    {
                        "name": "1.1",
                        "annotations": {
                            "description": "Red Hat Fuse 7.1 Karaf S2I images.",
                            "openshift.io/display-name": "Red Hat Fuse 7.1 Karaf",
                            "iconClass": "icon-rh-integration",
                            "tags": "builder,jboss-fuse,java,karaf,xpaas,hidden",
                            "supports":"jboss-fuse:7.1.0,java:8,xpaas:1.2",
                            "version": "1.1"
                        },
                        "referencePolicy": {
                            "type": "Local"
                        },
                        "from": {
                            "kind": "DockerImage",
                            "name": "registry.redhat.io/fuse7/fuse-karaf-openshift:1.1"
                        }
                    },
                    {
                        "name": "1.2",
                        "annotations": {
                            "description": "Red Hat Fuse 7.2 Karaf S2I images.",
                            "openshift.io/display-name": "Red Hat Fuse 7.2 Karaf",
                            "iconClass": "icon-rh-integration",
                            "tags": "builder,jboss-fuse,java,karaf,xpaas,hidden",
                            "supports":"jboss-fuse:7.2.0,java:8,xpaas:1.2",
                            "version": "1.2"
                        },
                        "referencePolicy": {
                            "type": "Local"
                        },
                        "from": {
                            "kind": "DockerImage",
                            "name": "registry.redhat.io/fuse7/fuse-karaf-openshift:1.2"
                        }
                    },
                    {
                        "name": "1.3",
                        "annotations": {
                            "description": "Red Hat Fuse 7.3 Karaf S2I images.",
                            "openshift.io/display-name": "Red Hat Fuse 7.3 Karaf",
                            "iconClass": "icon-rh-integration",
                            "tags": "builder,jboss-fuse,java,karaf,xpaas,hidden",
                            "supports":"jboss-fuse:7.3.0,java:8,xpaas:1.2",
                            "version": "1.3"
                        },
                        "referencePolicy": {
                            "type": "Local"
                        },
                        "from": {
                            "kind": "DockerImage",
                            "name": "registry.redhat.io/fuse7/fuse-karaf-openshift:1.3"
                        }                    
                    },
                    {
                        "name": "1.5",
                        "annotations": {
                            "description": "Red Hat Fuse 7.5 Karaf S2I images.",
                            "openshift.io/display-name": "Red Hat Fuse 7.5 Karaf",
                            "iconClass": "icon-rh-integration",
                            "tags": "builder,jboss-fuse,java,karaf,xpaas,hidden",
                            "supports":"jboss-fuse:7.5.0,java:8,xpaas:1.2",
                            "version": "1.5"
                        },
                        "referencePolicy": {
                            "type": "Local"
                        },
                        "from": {
                            "kind": "DockerImage",
                            "name": "registry.redhat.io/fuse7/fuse-karaf-openshift:1.5"
                        }
                    }                    
                ]
            }
        },
        {
            "kind": "ImageStream",
            "apiVersion": "v1",
            "metadata": {
                "name": "fuse7-eap-openshift",
                "annotations": {
                    "openshift.io/display-name": "Red Hat Fuse 7 EAP",
                    "openshift.io/provider-display-name": "Red Hat, Inc."
                }
            },
            "spec": {
                "tags": [
                    {
                        "name": "1.0",
                        "annotations": {
                            "description": "Red Hat Fuse 7.0 EAP S2I images.",
                            "openshift.io/display-name": "Red Hat Fuse 7.0 EAP",
                            "iconClass": "icon-rh-integration",
                            "tags": "builder,jboss-fuse,java,eap,xpaas,hidden",
                            "supports":"jboss-fuse:7.0.0,java:8,xpaas:1.2",
                            "version": "1.0"
                        },
                        "referencePolicy": {
                            "type": "Local"
                        },
                        "from": {
                            "kind": "DockerImage",
                            "name": "registry.redhat.io/fuse7/fuse-eap-openshift:1.0"
                        }
                    },
                    {
                        "name": "1.1",
                        "annotations": {
                            "description": "Red Hat Fuse 7.1 EAP S2I images.",
                            "openshift.io/display-name": "Red Hat Fuse 7.1 EAP",
                            "iconClass": "icon-rh-integration",
                            "tags": "builder,jboss-fuse,java,eap,xpaas,hidden",
                            "supports":"jboss-fuse:7.1.0,java:8,xpaas:1.2",
                            "version": "1.1"
                        },
                        "referencePolicy": {
                            "type": "Local"
                        },
                        "from": {
                            "kind": "DockerImage",
                            "name": "registry.redhat.io/fuse7/fuse-eap-openshift:1.1"
                        }
                    },
                    {
                        "name": "1.2",
                        "annotations": {
                            "description": "Red Hat Fuse 7.2 EAP S2I images.",
                            "openshift.io/display-name": "Red Hat Fuse 7.2 EAP",
                            "iconClass": "icon-rh-integration",
                            "tags": "builder,jboss-fuse,java,eap,xpaas,hidden",
                            "supports":"jboss-fuse:7.2.0,java:8,xpaas:1.2",
                            "version": "1.2"
                        },
                        "referencePolicy": {
                            "type": "Local"
                        },
                        "from": {
                            "kind": "DockerImage",
                            "name": "registry.redhat.io/fuse7/fuse-eap-openshift:1.2"
                        }
                    },
                    {
                        "name": "1.3",
                        "annotations": {
                            "description": "Red Hat Fuse 7.3 EAP S2I images.",
                            "openshift.io/display-name": "Red Hat Fuse 7.3 EAP",
                            "iconClass": "icon-rh-integration",
                            "tags": "builder,jboss-fuse,java,eap,xpaas,hidden",
                            "supports":"jboss-fuse:7.3.0,java:8,xpaas:1.2",
                            "version": "1.3"
                        },
                        "referencePolicy": {
                            "type": "Local"
                        },
                        "from": {
                            "kind": "DockerImage",
                            "name": "registry.redhat.io/fuse7/fuse-eap-openshift:1.3"
                        }
                    },
                    {
                        "name": "1.5",
                        "annotations": {
                            "description": "Red Hat Fuse 7.5 EAP S2I images.",
                            "openshift.io/display-name": "Red Hat Fuse 7.5 EAP",
                            "iconClass": "icon-rh-integration",
                            "tags": "builder,jboss-fuse,java,eap,xpaas,hidden",
                            "supports":"jboss-fuse:7.5.0,java:8,xpaas:1.2",
                            "version": "1.5"
                        },
                        "referencePolicy": {
                            "type": "Local"
                        },
                        "from": {
                            "kind": "DockerImage",
                            "name": "registry.redhat.io/fuse7/fuse-eap-openshift:1.5"
                        }
                    }                    
                ]
            }
        },
        {
            "kind": "ImageStream",
            "apiVersion": "v1",
            "metadata": {
                "name": "fuse7-console",
                "annotations": {
                    "openshift.io/display-name": "Red Hat Fuse 7 Console",
                    "openshift.io/provider-display-name": "Red Hat, Inc."
                }
            },
            "spec": {
                "tags": [
                    {
                        "name": "1.0",
                        "annotations": {
                            "description": "Red Hat Fuse 7.0 Console image.",
                            "openshift.io/display-name": "Red Hat Fuse 7.0 Console",
                            "iconClass": "icon-rh-integration",
                            "tags": "jboss-fuse,hawtio,java,xpaas,hidden",
                            "supports":"jboss-fuse:7.0.0,java:8,xpaas:1.2",
                            "version": "1.0"
                        },
                        "referencePolicy": {
                            "type": "Local"
                        },
                        "from": {
                            "kind": "DockerImage",
                            "name": "registry.redhat.io/fuse7/fuse-console:1.0"
                        }
                    },
                    {
                        "name": "1.1",
                        "annotations": {
                            "description": "Red Hat Fuse 7.1 Console image.",
                            "openshift.io/display-name": "Red Hat Fuse 7.1 Console",
                            "iconClass": "icon-rh-integration",
                            "tags": "jboss-fuse,hawtio,java,xpaas,hidden",
                            "supports":"jboss-fuse:7.1.0,java:8,xpaas:1.2",
                            "version": "1.1"
                        },
                        "referencePolicy": {
                            "type": "Local"
                        },
                        "from": {
                            "kind": "DockerImage",
                            "name": "registry.redhat.io/fuse7/fuse-console:1.1"
                        }
                    },
                    {
                        "name": "1.2",
                        "annotations": {
                            "description": "Red Hat Fuse 7.2 Console image.",
                            "openshift.io/display-name": "Red Hat Fuse 7.2 Console",
                            "iconClass": "icon-rh-integration",
                            "tags": "jboss-fuse,hawtio,java,xpaas,hidden",
                            "supports":"jboss-fuse:7.2.0,java:8,xpaas:1.2",
                            "version": "1.2"
                        },
                        "referencePolicy": {
                            "type": "Local"
                        },
                        "from": {
                            "kind": "DockerImage",
                            "name": "registry.redhat.io/fuse7/fuse-console:1.2"
                        }
                    },
                    {
                        "name": "1.3",
                        "annotations": {
                            "description": "Red Hat Fuse 7.3 Console image.",
                            "openshift.io/display-name": "Red Hat Fuse 7.3 Console",
                            "iconClass": "icon-rh-integration",
                            "tags": "jboss-fuse,hawtio,java,xpaas,hidden",
                            "supports":"jboss-fuse:7.3.0,java:8,xpaas:1.2",
                            "version": "1.3"
                        },
                        "referencePolicy": {
                            "type": "Local"
                        },
                        "from": {
                            "kind": "DockerImage",
                            "name": "registry.redhat.io/fuse7/fuse-console:1.3"
                        }
                    },
                    {
                        "name": "1.5",
                        "annotations": {
                            "description": "Red Hat Fuse 7.5 Console image.",
                            "openshift.io/display-name": "Red Hat Fuse 7.5 Console",
                            "iconClass": "icon-rh-integration",
                            "tags": "jboss-fuse,hawtio,java,xpaas,hidden",
                            "supports":"jboss-fuse:7.5.0,java:8,xpaas:1.2",
                            "version": "1.5"
                        },
                        "referencePolicy": {
                            "type": "Local"
                        },
                        "from": {
                            "kind": "DockerImage",
                            "name": "registry.redhat.io/fuse7/fuse-console:1.5"
                        }
                    }
                ]
            }
        },
        {
            "kind": "ImageStream",
            "apiVersion": "v1",
            "metadata": {
                "name": "apicurito-ui",
                "annotations": {
                    "openshift.io/display-name": "Red Hat Apicurito UI",
                    "openshift.io/provider-display-name": "Red Hat, Inc."
                }
            },
            "spec": {
                "tags": [
                    {
                        "name": "1.2",
                        "annotations": {
                            "description": "Red Hat Apicurito UI image.",
                            "openshift.io/display-name": "Red Hat Apicurito UI",
                            "tags": "apicurio,hidden"
                        },
                        "referencePolicy": {
                            "type": "Local"
                        },
                        "from": {
                            "kind": "DockerImage",
                            "name": "registry.redhat.io/fuse7/fuse-apicurito:1.2"
                        }
                    },
                    {
                        "name": "1.3",
                        "annotations": {
                            "description": "Red Hat Apicurito UI image.",
                            "openshift.io/display-name": "Red Hat Apicurito UI",
                            "tags": "apicurio,hidden"
                        },
                        "referencePolicy": {
                            "type": "Local"
                        },
                        "from": {
                            "kind": "DockerImage",
                            "name": "registry.redhat.io/fuse7/fuse-apicurito:1.3"
                        }
                    },
                    {
                        "name": "1.5",
                        "annotations": {
                            "description": "Red Hat Apicurito UI image.",
                            "openshift.io/display-name": "Red Hat Apicurito UI",
                            "tags": "apicurio,hidden"
                        },
                        "referencePolicy": {
                            "type": "Local"
                        },
                        "from": {
                            "kind": "DockerImage",
                            "name": "registry.redhat.io/fuse7/fuse-apicurito:1.5"
                        }
                    }
                ]
            }
        },
        {
            "kind": "ImageStream",
            "apiVersion": "v1",
            "metadata": {
                "name": "fuse-apicurito-generator",
                "annotations": {
                    "openshift.io/display-name": "Red Hat Fuse Apicurito Generator",
                    "openshift.io/provider-display-name": "Red Hat, Inc."
                }
            },
            "spec": {
                "tags": [
                    {
                        "name": "1.2",
                        "annotations": {
                            "description": "Red Hat Apicurito Generator image.",
                            "openshift.io/display-name": "Red Hat Apicurito Generator",
                            "tags": "apicurio,fuse,hidden"
                        },
                        "referencePolicy": {
                            "type": "Local"
                        },
                        "from": {
                            "kind": "DockerImage",
                            "name": "registry.redhat.io/fuse7/fuse-apicurito-generator:1.2"
                        }
                    },
                    {
                        "name": "1.3",
                        "annotations": {
                            "description": "Red Hat Apicurito Generator image.",
                            "openshift.io/display-name": "Red Hat Apicurito Generator",
                            "tags": "apicurio,fuse,hidden"
                        },
                        "referencePolicy": {
                            "type": "Local"
                        },
                        "from": {
                            "kind": "DockerImage",
                            "name": "registry.redhat.io/fuse7/fuse-apicurito-generator:1.3"
                        }
                    },
                    {
                        "name": "1.5",
                        "annotations": {
                            "description": "Red Hat Apicurito Generator image.",
                            "openshift.io/display-name": "Red Hat Apicurito Generator",
                            "tags": "apicurio,fuse,hidden"
                        },
                        "referencePolicy": {
                            "type": "Local"
                        },
                        "from": {
                            "kind": "DockerImage",
                            "name": "registry.redhat.io/fuse7/fuse-apicurito-generator:1.5"
                        }
                    }                    
                ]
            }
        }
    ]
}
